Song Title,Artist,Cleaned Lyrics
End Of An Era,Dua Lipa,one two three
End Of An Era,Dua Lipa,verse
End Of An Era,Dua Lipa,kiss feel like
End Of An Era,Dua Lipa,optimist guess
End Of An Era,Dua Lipa,always jump quick one might stick
End Of An Era,Dua Lipa,hopelessly romantic
End Of An Era,Dua Lipa,said hey said hey
End Of An Era,Dua Lipa,name
End Of An Era,Dua Lipa,come
End Of An Era,Dua Lipa,cause see face ah
End Of An Era,Dua Lipa,chorus
End Of An Era,Dua Lipa,pleasure
End Of An Era,Dua Lipa,feel like together
End Of An Era,Dua Lipa,could end era
End Of An Era,Dua Lipa,baby could forever forever
End Of An Era,Dua Lipa,verse
End Of An Era,Dua Lipa,type tried
End Of An Era,Dua Lipa,done nights guess
End Of An Era,Dua Lipa,one chapter might done god fun
End Of An Era,Dua Lipa,new one begun
End Of An Era,Dua Lipa,said hey said hey
End Of An Era,Dua Lipa,name
End Of An Era,Dua Lipa,come
End Of An Era,Dua Lipa,cause see face ah
End Of An Era,Dua Lipa,chorus
End Of An Era,Dua Lipa,pleasure
End Of An Era,Dua Lipa,feel like together
End Of An Era,Dua Lipa,could end era
End Of An Era,Dua Lipa,baby could forever forever
End Of An Era,Dua Lipa,goes
End Of An Era,Dua Lipa,let flow
End Of An Era,Dua Lipa,nother girl love
End Of An Era,Dua Lipa,another girl leaves club
End Of An Era,Dua Lipa,send big kiss
End Of An Era,Dua Lipa,pretty end era
End Of An Era,Dua Lipa,another girl love
End Of An Era,Dua Lipa,another girl leaves club forever
End Of An Era,Dua Lipa,bridge
End Of An Era,Dua Lipa,lost
End Of An Era,Dua Lipa,la
End Of An Era,Dua Lipa,happy ending
End Of An Era,Dua Lipa,la
End Of An Era,Dua Lipa,goes
End Of An Era,Dua Lipa,chorus
End Of An Era,Dua Lipa,pleasure
End Of An Era,Dua Lipa,feel like together
End Of An Era,Dua Lipa,could end era
End Of An Era,Dua Lipa,baby could forever ever
End Of An Era,Dua Lipa,goes
End Of An Era,Dua Lipa,let flow end era
End Of An Era,Dua Lipa,nother girl love
End Of An Era,Dua Lipa,another girl leaves club
End Of An Era,Dua Lipa,send big kiss
End Of An Era,Dua Lipa,pretty end era
End Of An Era,Dua Lipa,another girl love
End Of An Era,Dua Lipa,another girl leaves club
Houdini,Dua Lipa,ah
Houdini,Dua Lipa,chorus
Houdini,Dua Lipa,come go
Houdini,Dua Lipa,tell ways need
Houdini,Dua Lipa,long
Houdini,Dua Lipa,catch go
Houdini,Dua Lipa,come go
Houdini,Dua Lipa,prove got right please
Houdini,Dua Lipa,everybody
Houdini,Dua Lipa,catch go
Houdini,Dua Lipa,verse
Houdini,Dua Lipa,time like solar eclipse
Houdini,Dua Lipa,see blow kiss
Houdini,Dua Lipa,moment baby let slip
Houdini,Dua Lipa,come closer
Houdini,Dua Lipa,chorus
Houdini,Dua Lipa,say come go
Houdini,Dua Lipa,tell ways need
Houdini,Dua Lipa,long
Houdini,Dua Lipa,catch go
Houdini,Dua Lipa,come go
Houdini,Dua Lipa,prove got right please
Houdini,Dua Lipa,everybody
Houdini,Dua Lipa,catch go
Houdini,Dua Lipa,good enough find way
Houdini,Dua Lipa,maybe could cause girl change ways
Houdini,Dua Lipa,think night day
Houdini,Dua Lipa,maybe could one make stay
Houdini,Dua Lipa,verse
Houdini,Dua Lipa,everything say sweet
Houdini,Dua Lipa,preach
Houdini,Dua Lipa,need something make believe
Houdini,Dua Lipa,got baby give
Houdini,Dua Lipa,chorus
Houdini,Dua Lipa,say come go
Houdini,Dua Lipa,tell ways need
Houdini,Dua Lipa,long
Houdini,Dua Lipa,catch go
Houdini,Dua Lipa,come go come go
Houdini,Dua Lipa,prove got right please
Houdini,Dua Lipa,everybody long
Houdini,Dua Lipa,catch go
Houdini,Dua Lipa,good enough find way
Houdini,Dua Lipa,maybe could cause girl change ways
Houdini,Dua Lipa,think night day
Houdini,Dua Lipa,maybe could one make stay
Houdini,Dua Lipa,bridge
Houdini,Dua Lipa,chorus
Houdini,Dua Lipa,come go
Houdini,Dua Lipa,tell ways need
Houdini,Dua Lipa,long
Houdini,Dua Lipa,catch go
Houdini,Dua Lipa,come go come go
Houdini,Dua Lipa,prove got right please
Houdini,Dua Lipa,everybody long
Houdini,Dua Lipa,catch go
Houdini,Dua Lipa,ah
Houdini,Dua Lipa,catch go
Training Season,Dua Lipa,verse
Training Season,Dua Lipa,someone give heart
Training Season,Dua Lipa,poison drawn
Training Season,Dua Lipa,hard tell difference late night
Training Season,Dua Lipa,play fair
Training Season,Dua Lipa,compass nature
Training Season,Dua Lipa,tricky cause
Training Season,Dua Lipa,baby need learn lesson twice
Training Season,Dua Lipa,really go
Training Season,Dua Lipa,know
Training Season,Dua Lipa,chorus
Training Season,Dua Lipa,need someone hold close
Training Season,Dua Lipa,ever known
Training Season,Dua Lipa,whose love like rodeo
Training Season,Dua Lipa,take control
Training Season,Dua Lipa,vulnerable
Training Season,Dua Lipa,straight talking soul
Training Season,Dua Lipa,overload
Training Season,Dua Lipa,got feeling vertigo
Training Season,Dua Lipa,somebody go
Training Season,Dua Lipa,cause show ya
Training Season,Dua Lipa,let know yeah
Training Season,Dua Lipa,cause training
Training Season,Dua Lipa,training
Training Season,Dua Lipa,verse
Training Season,Dua Lipa,tried
Training Season,Dua Lipa,see good light
Training Season,Dua Lipa,nice
Training Season,Dua Lipa,teach love right
Training Season,Dua Lipa,hope
Training Season,Dua Lipa,like arrow
Training Season,Dua Lipa,someone potential
Training Season,Dua Lipa,much ask
Training Season,Dua Lipa,chorus
Training Season,Dua Lipa,need someone hold close
Training Season,Dua Lipa,ever known
Training Season,Dua Lipa,whose love like rodeo
Training Season,Dua Lipa,take control
Training Season,Dua Lipa,vulnerable
Training Season,Dua Lipa,straight talking soul
Training Season,Dua Lipa,conversation overload
Training Season,Dua Lipa,got feeling vertigo
Training Season,Dua Lipa,somebody go
Training Season,Dua Lipa,cause show ya
Training Season,Dua Lipa,let know yeah
Training Season,Dua Lipa,cause training
Training Season,Dua Lipa,bridge
Training Season,Dua Lipa,compete time
Training Season,Dua Lipa,run hear whistle blow
Training Season,Dua Lipa,team stuck
Training Season,Dua Lipa,waiting someone tell go
Training Season,Dua Lipa,someone tell go
Training Season,Dua Lipa,know
Training Season,Dua Lipa,chorus
Training Season,Dua Lipa,need someone hold close
Training Season,Dua Lipa,ever known
Training Season,Dua Lipa,whose love like rodeo
Training Season,Dua Lipa,take control
Training Season,Dua Lipa,vulnerable
Training Season,Dua Lipa,straight talking soul let know yeah
Training Season,Dua Lipa,conversation overload
Training Season,Dua Lipa,cause training
Training Season,Dua Lipa,cause training training
Training Season,Dua Lipa,training
These Walls,Dua Lipa,verse
These Walls,Dua Lipa,maybe switch
These Walls,Dua Lipa,cause baby know one poker
These Walls,Dua Lipa,night
These Walls,Dua Lipa,wake blame wasted
These Walls,Dua Lipa,oh love
These Walls,Dua Lipa,much
These Walls,Dua Lipa,chorus
These Walls,Dua Lipa,could talk
These Walls,Dua Lipa,would say enough
These Walls,Dua Lipa,would say give
These Walls,Dua Lipa,could talk
These Walls,Dua Lipa,would say know
These Walls,Dua Lipa,would say
These Walls,Dua Lipa,supposed hurt much
These Walls,Dua Lipa,oh could talk
These Walls,Dua Lipa,would tell us break
These Walls,Dua Lipa,would tell us break
These Walls,Dua Lipa,verse
These Walls,Dua Lipa,would tell us go face
These Walls,Dua Lipa,getting worse longer stay together
These Walls,Dua Lipa,call love hate
These Walls,Dua Lipa,really mean said forever
These Walls,Dua Lipa,oh love
These Walls,Dua Lipa,much
These Walls,Dua Lipa,chorus
These Walls,Dua Lipa,could talk
These Walls,Dua Lipa,would say enough
These Walls,Dua Lipa,would say give
These Walls,Dua Lipa,know could talk
These Walls,Dua Lipa,would say know
These Walls,Dua Lipa,would say
These Walls,Dua Lipa,supposed hurt much
These Walls,Dua Lipa,oh could talk
These Walls,Dua Lipa,would tell us break
These Walls,Dua Lipa,would tell us break
These Walls,Dua Lipa,would tell us break
These Walls,Dua Lipa,bridge
These Walls,Dua Lipa,go go
These Walls,Dua Lipa,stop stop
These Walls,Dua Lipa,heaven
These Walls,Dua Lipa,one cut
These Walls,Dua Lipa,chorus
These Walls,Dua Lipa,could talk
These Walls,Dua Lipa,would say enough
These Walls,Dua Lipa,would say give give give give
These Walls,Dua Lipa,could talk
These Walls,Dua Lipa,would say know
These Walls,Dua Lipa,would say
These Walls,Dua Lipa,yeah know yeah know
These Walls,Dua Lipa,supposed hurt much
These Walls,Dua Lipa,oh could talk
These Walls,Dua Lipa,would tell us break
These Walls,Dua Lipa,would tell us break
These Walls,Dua Lipa,would tell us break
Whatcha Doing,Dua Lipa,verse
Whatcha Doing,Dua Lipa,midnight
Whatcha Doing,Dua Lipa,alone
Whatcha Doing,Dua Lipa,part steal heart
Whatcha Doing,Dua Lipa,part
Whatcha Doing,Dua Lipa,cause good control
Whatcha Doing,Dua Lipa,worried might find wrong
Whatcha Doing,Dua Lipa,cause worried
Whatcha Doing,Dua Lipa,control religion
Whatcha Doing,Dua Lipa,collision
Whatcha Doing,Dua Lipa,lost vision
Whatcha Doing,Dua Lipa,please
Whatcha Doing,Dua Lipa,chorus
Whatcha Doing,Dua Lipa,baby
Whatcha Doing,Dua Lipa,death might one change
Whatcha Doing,Dua Lipa,head
Whatcha Doing,Dua Lipa,got collision
Whatcha Doing,Dua Lipa,baby
Whatcha Doing,Dua Lipa,oh
Whatcha Doing,Dua Lipa,verse
Whatcha Doing,Dua Lipa,future
Whatcha Doing,Dua Lipa,see next
Whatcha Doing,Dua Lipa,cannot shake life
Whatcha Doing,Dua Lipa,time
Whatcha Doing,Dua Lipa,control religion
Whatcha Doing,Dua Lipa,collision
Whatcha Doing,Dua Lipa,lost vision
Whatcha Doing,Dua Lipa,please
Whatcha Doing,Dua Lipa,chorus
Whatcha Doing,Dua Lipa,baby
Whatcha Doing,Dua Lipa,death might one change
Whatcha Doing,Dua Lipa,head
Whatcha Doing,Dua Lipa,got collision
Whatcha Doing,Dua Lipa,baby
Whatcha Doing,Dua Lipa,oh
Whatcha Doing,Dua Lipa,tell
Whatcha Doing,Dua Lipa,tell
Whatcha Doing,Dua Lipa,tell
Whatcha Doing,Dua Lipa,control religion
Whatcha Doing,Dua Lipa,collision
Whatcha Doing,Dua Lipa,lost vision
Whatcha Doing,Dua Lipa,please tell
Whatcha Doing,Dua Lipa,control religion
Whatcha Doing,Dua Lipa,collision
Whatcha Doing,Dua Lipa,lost vision
Whatcha Doing,Dua Lipa,please
Whatcha Doing,Dua Lipa,chorus
Whatcha Doing,Dua Lipa,baby
Whatcha Doing,Dua Lipa,death might one change
Whatcha Doing,Dua Lipa,head
Whatcha Doing,Dua Lipa,got collision
Whatcha Doing,Dua Lipa,baby
Whatcha Doing,Dua Lipa,oh
Whatcha Doing,Dua Lipa,tell
Whatcha Doing,Dua Lipa,tell
Whatcha Doing,Dua Lipa,tell
Whatcha Doing,Dua Lipa,tell
French Exit,Dua Lipa,verse
French Exit,Dua Lipa,stay till come
French Exit,Dua Lipa,cannot relate love song
French Exit,Dua Lipa,take right
French Exit,Dua Lipa,cause right cannot give want
French Exit,Dua Lipa,refrain
French Exit,Dua Lipa,still
French Exit,Dua Lipa,last one
French Exit,Dua Lipa,hate leaving
French Exit,Dua Lipa,hit road
French Exit,Dua Lipa,hit road
French Exit,Dua Lipa,chorus
French Exit,Dua Lipa,broken heart break
French Exit,Dua Lipa,hurt say
French Exit,Dua Lipa,really hope understand
French Exit,Dua Lipa,way go exit
French Exit,Dua Lipa,exit
French Exit,Dua Lipa,filer
French Exit,Dua Lipa,exit
French Exit,Dua Lipa,verse
French Exit,Dua Lipa,maybe time away make make
French Exit,Dua Lipa,better break leaving open
French Exit,Dua Lipa,know say stayed till end
French Exit,Dua Lipa,right cannot give want
French Exit,Dua Lipa,refrain
French Exit,Dua Lipa,still
French Exit,Dua Lipa,last one
French Exit,Dua Lipa,hate leaving
French Exit,Dua Lipa,hit road yeah
French Exit,Dua Lipa,yeah hit road
French Exit,Dua Lipa,chorus
French Exit,Dua Lipa,broken heart break
French Exit,Dua Lipa,hurt say
French Exit,Dua Lipa,really hope understand
French Exit,Dua Lipa,way go exit
French Exit,Dua Lipa,bridge
French Exit,Dua Lipa,know know know know right
French Exit,Dua Lipa,better say
French Exit,Dua Lipa,fix time
French Exit,Dua Lipa,lonely lonely lonely lonely night
French Exit,Dua Lipa,chorus
French Exit,Dua Lipa,broken heart break
French Exit,Dua Lipa,hurt say
French Exit,Dua Lipa,know know know know right
French Exit,Dua Lipa,really hope understand
French Exit,Dua Lipa,know know know know
French Exit,Dua Lipa,way go exit
French Exit,Dua Lipa,exit
French Exit,Dua Lipa,filer
French Exit,Dua Lipa,exit
French Exit,Dua Lipa,la solution
French Exit,Dua Lipa,exit
French Exit,Dua Lipa,exit
Illusion,Dua Lipa,verse
Illusion,Dua Lipa,known miss red flag
Illusion,Dua Lipa,known put lover pedestal
Illusion,Dua Lipa,end last
Illusion,Dua Lipa,time take glasses
Illusion,Dua Lipa,already know type like
Illusion,Dua Lipa,make life takin ride
Illusion,Dua Lipa,already know type think play right
Illusion,Dua Lipa,know could dance night
Illusion,Dua Lipa,chorus
Illusion,Dua Lipa,know think
Illusion,Dua Lipa,like
Illusion,Dua Lipa,think fall illusion
Illusion,Dua Lipa,dance night dance night
Illusion,Dua Lipa,dance night dance night like
Illusion,Dua Lipa,dance night dance night
Illusion,Dua Lipa,dance night dance dance
Illusion,Dua Lipa,verse
Illusion,Dua Lipa,time worked
Illusion,Dua Lipa,time threw match let burn
Illusion,Dua Lipa,grown know deserve
Illusion,Dua Lipa,still like already learned
Illusion,Dua Lipa,already know type like
Illusion,Dua Lipa,make life takin ride
Illusion,Dua Lipa,already know type think play right
Illusion,Dua Lipa,know could dance night
Illusion,Dua Lipa,chorus
Illusion,Dua Lipa,know think
Illusion,Dua Lipa,like
Illusion,Dua Lipa,think fall illusion
Illusion,Dua Lipa,dance night dance night
Illusion,Dua Lipa,dance night dance night like
Illusion,Dua Lipa,dance night dance night
Illusion,Dua Lipa,dance night dance dance
Illusion,Dua Lipa,bridge
Illusion,Dua Lipa,illusion
Illusion,Dua Lipa,really like way
Illusion,Dua Lipa,yeah dance illusion
Illusion,Dua Lipa,yeah dance
Illusion,Dua Lipa,yeah dance
Illusion,Dua Lipa,could dance night woo
Illusion,Dua Lipa,dance night
Illusion,Dua Lipa,chorus
Illusion,Dua Lipa,know think
Illusion,Dua Lipa,like
Illusion,Dua Lipa,think fall illusion
Illusion,Dua Lipa,know think
Illusion,Dua Lipa,like illusion illusion illusion illusion
Illusion,Dua Lipa,think fall illusion
Falling Forever,Dua Lipa,long long
Falling Forever,Dua Lipa,verse
Falling Forever,Dua Lipa,good holding
Falling Forever,Dua Lipa,know mind quick throw away moment
Falling Forever,Dua Lipa,us maybe know yet
Falling Forever,Dua Lipa,cause want
Falling Forever,Dua Lipa,say got gone
Falling Forever,Dua Lipa,believe every flame get colder
Falling Forever,Dua Lipa,hope give carry
Falling Forever,Dua Lipa,till tomorrow beyond
Falling Forever,Dua Lipa,chorus
Falling Forever,Dua Lipa,long long
Falling Forever,Dua Lipa,keep getting better
Falling Forever,Dua Lipa,keep falling forever
Falling Forever,Dua Lipa,long long
Falling Forever,Dua Lipa,stay like together
Falling Forever,Dua Lipa,keep falling forever
Falling Forever,Dua Lipa,verse
Falling Forever,Dua Lipa,could wake alone
Falling Forever,Dua Lipa,tonight give something remember
Falling Forever,Dua Lipa,impossible measure
Falling Forever,Dua Lipa,right
Falling Forever,Dua Lipa,falling deep falling deep
Falling Forever,Dua Lipa,deep arms baby
Falling Forever,Dua Lipa,baby keep
Falling Forever,Dua Lipa,keep close
Falling Forever,Dua Lipa,till tomorrow beyond
Falling Forever,Dua Lipa,chorus
Falling Forever,Dua Lipa,long long
Falling Forever,Dua Lipa,keep getting better
Falling Forever,Dua Lipa,keep falling forever
Falling Forever,Dua Lipa,long long
Falling Forever,Dua Lipa,stay like together
Falling Forever,Dua Lipa,keep falling forever
Falling Forever,Dua Lipa,bridge
Falling Forever,Dua Lipa,know
Falling Forever,Dua Lipa,ride storm
Falling Forever,Dua Lipa,ride night till dawn
Falling Forever,Dua Lipa,till tomorrow beyond
Falling Forever,Dua Lipa,chorus
Falling Forever,Dua Lipa,long long
Falling Forever,Dua Lipa,keep getting better
Falling Forever,Dua Lipa,keep falling forever
Falling Forever,Dua Lipa,long long
Falling Forever,Dua Lipa,stay like together
Falling Forever,Dua Lipa,keep falling forever
Falling Forever,Dua Lipa,long
Falling Forever,Dua Lipa,keep getting better
Falling Forever,Dua Lipa,keep falling forever
Falling Forever,Dua Lipa,oh
Falling Forever,Dua Lipa,long
Falling Forever,Dua Lipa,long
Anything For Love,Dua Lipa,one time
Anything For Love,Dua Lipa,go one time make cry
Anything For Love,Dua Lipa,sitting sitting middle
Anything For Love,Dua Lipa,intense
Anything For Love,Dua Lipa,eats salted nice
Anything For Love,Dua Lipa,right put
Anything For Love,Dua Lipa,chorus
Anything For Love,Dua Lipa,interested love easily
Anything For Love,Dua Lipa,want love set keeping
Anything For Love,Dua Lipa,even think cut
Anything For Love,Dua Lipa,interested heart beat
Anything For Love,Dua Lipa,want mind equally
Anything For Love,Dua Lipa,hard feel like much
Anything For Love,Dua Lipa,used anything love
Anything For Love,Dua Lipa,verse
Anything For Love,Dua Lipa,forever
Anything For Love,Dua Lipa,one always
Anything For Love,Dua Lipa,perfect together
Anything For Love,Dua Lipa,part ways
Anything For Love,Dua Lipa,remember
Anything For Love,Dua Lipa,used anything love
Anything For Love,Dua Lipa,heartbreak
Anything For Love,Dua Lipa,run first
Anything For Love,Dua Lipa,make look way easy
Anything For Love,Dua Lipa,got many
Anything For Love,Dua Lipa,remember remember
Anything For Love,Dua Lipa,used anything love anything love
Anything For Love,Dua Lipa,chorus
Anything For Love,Dua Lipa,interested love easily
Anything For Love,Dua Lipa,want love set keeping
Anything For Love,Dua Lipa,even think cut
Anything For Love,Dua Lipa,remember remember used anything love
Anything For Love,Dua Lipa,think one right
Anything For Love,Dua Lipa,right cool
Maria,Dua Lipa,verse
Maria,Dua Lipa,love yeah
Maria,Dua Lipa,never leave yeah
Maria,Dua Lipa,owe
Maria,Dua Lipa,cold yeah
Maria,Dua Lipa,cause much lose yeah
Maria,Dua Lipa,owe
Maria,Dua Lipa,owe
Maria,Dua Lipa,owe
Maria,Dua Lipa,chorus
Maria,Dua Lipa,maria know gone
Maria,Dua Lipa,feel ya alone
Maria,Dua Lipa,even arms
Maria,Dua Lipa,know somewhere heart
Maria,Dua Lipa,maria
Maria,Dua Lipa,maria
Maria,Dua Lipa,know somewhere heart
Maria,Dua Lipa,verse
Maria,Dua Lipa,love comes young take yeah
Maria,Dua Lipa,certain cannot undo
Maria,Dua Lipa,owe
Maria,Dua Lipa,effect always comes cause
Maria,Dua Lipa,better lost
Maria,Dua Lipa,everything ever want
Maria,Dua Lipa,thank done
Maria,Dua Lipa,chorus
Maria,Dua Lipa,oh maria know gone
Maria,Dua Lipa,feel ya alone
Maria,Dua Lipa,even arms
Maria,Dua Lipa,know somewhere heart
Maria,Dua Lipa,maria
Maria,Dua Lipa,maria
Maria,Dua Lipa,know somewhere heart
Maria,Dua Lipa,bridge
Maria,Dua Lipa,never thought could feel way
Maria,Dua Lipa,grateful love gave
Maria,Dua Lipa,make change
Maria,Dua Lipa,maria maria maria
Maria,Dua Lipa,chorus
Maria,Dua Lipa,maria know gone
Maria,Dua Lipa,feel ya alone alone
Maria,Dua Lipa,even arms
Maria,Dua Lipa,know somewhere heart
Maria,Dua Lipa,oh maria look see ya
Maria,Dua Lipa,time time
Maria,Dua Lipa,even arms
Maria,Dua Lipa,know somewhere heart
Happy For You,Dua Lipa,verse
Happy For You,Dua Lipa,late saw picture
Happy For You,Dua Lipa,happy could tell
Happy For You,Dua Lipa,really pretty think model
Happy For You,Dua Lipa,baby together look hot hell
Happy For You,Dua Lipa,even want cry oh feeling
Happy For You,Dua Lipa,could believe ask
Happy For You,Dua Lipa,chorus
Happy For You,Dua Lipa,ever knew
Happy For You,Dua Lipa,know could ever feel
Happy For You,Dua Lipa,cause happy
Happy For You,Dua Lipa,know everything real
Happy For You,Dua Lipa,mad hurt
Happy For You,Dua Lipa,got everything deserve
Happy For You,Dua Lipa,ever
Happy For You,Dua Lipa,happy
Happy For You,Dua Lipa,verse
Happy For You,Dua Lipa,looking back hope see
Happy For You,Dua Lipa,even hard best
Happy For You,Dua Lipa,see picked
Happy For You,Dua Lipa,gave somebody else
Happy For You,Dua Lipa,even want cry oh feeling
Happy For You,Dua Lipa,could believe ask
Happy For You,Dua Lipa,chorus
Happy For You,Dua Lipa,ever knew
Happy For You,Dua Lipa,know could ever feel
Happy For You,Dua Lipa,cause happy
Happy For You,Dua Lipa,know everything real
Happy For You,Dua Lipa,mad hurt
Happy For You,Dua Lipa,got everything deserve
Happy For You,Dua Lipa,ever knew
Happy For You,Dua Lipa,happy
Happy For You,Dua Lipa,bridge
Happy For You,Dua Lipa,happy
Happy For You,Dua Lipa,hope happy
Happy For You,Dua Lipa,chorus
Happy For You,Dua Lipa,oh ever knew
Happy For You,Dua Lipa,know could ever feel
Happy For You,Dua Lipa,cause happy
Happy For You,Dua Lipa,know everything real
Happy For You,Dua Lipa,mad hurt mad hurt
Happy For You,Dua Lipa,got everything deserve
Happy For You,Dua Lipa,oh ever knew
Happy For You,Dua Lipa,happy
Happy For You,Dua Lipa,happy
